{
  "deployment_options": [
    {
      "platform": "Vercel",
      "difficulty": "Easy",
      "cost": "Free tier available",
      "steps": [
        "Push code to GitHub",
        "Connect Vercel to GitHub repo",
        "Add environment variables in Vercel dashboard",
        "Deploy automatically"
      ],
      "database_options": ["Vercel Postgres (recommended)", "Neon (free tier)", "Supabase (free tier)"]
    },
    {
      "platform": "Railway",
      "difficulty": "Easy",
      "cost": "$5/month",
      "steps": [
        "Connect GitHub repository",
        "Add PostgreSQL service",
        "Set environment variables",
        "Deploy automatically"
      ]
    },
    {
      "platform": "Render",
      "difficulty": "Medium",
      "cost": "Free tier available",
      "steps": [
        "Connect GitHub repository",
        "Choose Web Service",
        "Add PostgreSQL database",
        "Set environment variables",
        "Deploy"
      ]
    }
  ],
  "required_environment_variables": {
    "DATABASE_URL": "PostgreSQL connection string",
    "JWT_SECRET": "Secret key for JWT tokens",
    "NEXTAUTH_SECRET": "Secret for NextAuth",
    "NEXT_PUBLIC_APP_URL": "Your app's URL"
  },
  "demo_credentials": {
    "customer": "customer1@nrwb.com / password1",
    "staff": "staff1@nrwb.com / password1",
    "admin": "admin1@nrwb.com / password1",
    "manager": "manager1@nrwb.com / password1"
  }
}
